question_id,question_text,source,link_to_comment_thread,original_question
pg8qts,Why are Christians pro life when the Bible gives directions on how to commit an abortion?,reddit1M,,Why are Christians pro life when the Bible gives directions on how to commit an abortion?
ppj86a,"Why is it that so many American men are all for punishing women who get abortions but the same men are completely offended when you ask them to get vasectomies, thus eradicating abortions they seemingly hate so much?",reddit1M,,"Discussion: Why is it that so many American men are all for punishing women who get abortions but the same men are completely offended when you ask them to get vasectomies, thus eradicating abortions they seemingly hate so much?"
eli5_189329,Roe v Wade concluded that the right to abortion follows from the right to privacy. What was the reasoning behind this?,eli5,,Roe v Wade concluded that the right to abortion follows from the right to privacy. What was the reasoning behind this?
phsw1h,"For people that are pro-choice, what do you wish people would understand about being pro-choice?",reddit1M,,"(Serious) Pro-Choice people of Reddit, what do you wish people would understand about being pro-choice?"
psbd10,Should Abortion be legal?,reddit1M,,Should Abortion be legal?
pvs8uj,Are you pro life or pro choice? And why??,reddit1M,,Are you pro life or pro choice? And why??
eli5_28960,Why are abortions not homicide but killing a pregnant female considered a double murder (in some jurisdictions)?,eli5,,Why are abortions not homicide but killing a pregnant female considered a double murder (in some jurisdictions)?
pj8zbe,If sex was made for the purpose of procreation wouldn't that mean abortion is against the laws of nature?,reddit1M,,If sex was made for the purpose of procreation wouldn't that mean abortion is against the laws of nature?
pjjdvo,"Why can't people recognize abortion for what it is? The killing/murder of an unborn child. No matter what wording you want to use, that's what it is.",reddit1M,,"Why can’t people recognize abortion for what it is? The killing/murder of an unborn child. No matter what wording tutu want to use, that’s what it is."
p8gqz6,"Everyone agrees that if you take a new born baby and kill it you should go to jail for murder. Now if you count back, at how many weeks before birth, in your opinion, would you consider a person doing an abortion not a murderer and just someone who got rid of a lump of cells?",reddit1M,,"Everyone agrees that if you take a new born baby and kill it you should go to jail for murder. Now if you count back, at how many weeks before birth, in your opinion, would you consider a person doing an abortion not a murderer and just someone who got rid of a lump of cells?"
owln75,How come mass shootings by civilians outside of war was not commonplace until recently despite firearms existing for so long? Why weren't any schools shot up by violent students in the old west or during WW1 with the super lax gun laws of the time?,reddit1M,,How come mass shootings by civilians outside of war was not commonplace until recently despite firearms existing for so long? Why weren't any schools shot up by violent students in the old west or during WW1 with the super lax gun laws of the time?
p49waw,"Americans who support private ownership of guns... why? Do school shootings not make you question your gun laws? Look at the uk which is well off without guns. (Don't pull the knife crime card, it's still higher in the u.s.)",reddit1M,,"Americans who support private ownership of guns... why? Do school shootings not make you question your gun laws? Look at the uk which is well off without guns. (Don't pull the knife crime card, it's still higher in the u.s.)"
ohgko5,Wouldn't better gun control in the US automatically reduce excessive use of force from the police because they'll feel safer around citizens ?,reddit1M,,[Serious] Wouldn't better gun control in the US automatically reduce excessive use of force from the police because they'll feel safer around citizens ?
eli5_54878,"Why haven't the gun laws in the United States been changed, when it has shown for decades how dangerous it is?",eli5,,"Why haven't the gun law in the United States been changed, when it has shown for decades how dangerous it is?"
pm6oiq,What are your opinions on gun control?,reddit1M,,What are your opinions on gun control?
eli5_79745,Why does the 2nd amendment to the US constitution only protect guns?,eli5,,Why does the 2nd amendment to the US constitution only protect guns?
eli5_182059,How are gun laws/restrictions in the United States not immediately violating the 2nd Amendment of the Constitution?,eli5,,How are gun laws/restrictions in the United States not immediately violating the 2nd Amendment of the Constitution?
eli5_31189,"What are the popular arguments against gun reform in America? Not trying to start a debate, just legitimately curious what the main arguments are, as I'm not American.",eli5,,"What are the popular arguments against gun reform in America? Not trying to start a debate, just legitimately curious what the main arguments are, as I'm not American."
eli5_104120,"How come Democrats say that we should end the ""War on Drugs"" because the people who want to do drugs will do them anyway, but then they say that we need tighter gun laws to keep the guns out of the hands of criminals? Isn't this a double standard?",eli5,,"How come Democrats say that we should end the ""War on Drugs"" because the people who want to do drugs will do them anyway, but then they say that we need tighter gun laws to keep the guns out of the hands of criminals? Isn't this a double standard?"
owsfgg,"The 1st gun control laws were written in the 1620s to keep guns out of the hands of freed slaves. To anyone who still believes in gun control, how do you justify your racism?",reddit1M,,"Gun Control: The 1st gun control laws were written in the 1620’s to keep guns out of the hands of freed slaves. Anyone who still believes in gun control, how do you justify your racism?"
eli5_86513,How exactly does Affirmative Action benefit colleges specifically?,eli5,,How exactly does Affirmative Action benefit colleges specifically?
custom_31b30c,We as a country have put POC at such a big disadvantage for hundreds of years to such a point where coming out of that at a similar/ the same level resume wise as a white student shows significantly more work; shouldn't that be factored into admissions?,custom,https://www.reddit.com/r/AskALiberal/comments/mknrr4/why_dont_people_complain_about_legacy_admissions/,
custom_3b7476,"Doesn't the ""colorblind"" approach to admissions sound good on paper but then in practice ignore the systemic inequalities that have always existed and the reasons why affirmative action was needed in the first place?",custom,https://www.reddit.com/r/behindthebastards/comments/158jlhm/what_actually_is_affirmative_action/,
custom_acf203,"Brown Vs. Board of Ed. found that separate but equal never was equal. Without Affirmative Action, what do we do about the separation that still exists because of redlining and housing discrimination?",custom,https://www.reddit.com/r/AskALiberal/comments/rxum9o/comment/hrkrz3c/,
op00ns,What are your personal thoughts on Affirmative action?,reddit1M,,What are your personal thoughts on Affirmative action?
eli5_16185,Why is affirmative action based on race and not family income?,eli5,,Why is affirmative action based on race and not family income?
p6gw9j,Why isn't affirmative action racist?,reddit1M,,Why isn't affirmative action racist?
eli5_150339,"Why doesn't the federal government's preferential treatment of women, minorities, and veterans in hiring break discrimination laws when this practice discriminates against men, whites, and non veterans?",eli5,,"Why doesn't the federal government's preferential treatment of women, minorities, and veterans in hiring break discrimination laws when this practice discriminates against men, whites, and non veterans?"
p4qekk,How can black people be at a disadvantage in America when they have every right and opportunity as a white person and they have affirmative action programs and black only school scholarships?,reddit1M,,How can black people be at a disadvantage in America when they have every right and opportunity as a white person and they have affirmative action programs and black only school scholarships?
pj5chf,Why does every job application ask me what race I am? What does that matter? If I answer a minority will my application shoot to the top of the list so they can meet a quota? That's racism in itself.,reddit1M,,Why does every job application ask me what race I am? What does that matter? If I answer a minority will my application shoot to the top of the list so they can meet a quota? That’s racism in itself.
phe3ux,"Can you tell us about all the lives that will die early because they can't afford healthcare, and how you and the lord give zero shits about them?",reddit1M,,"Pro-life Americans of reddit, can you tell us about all the lives that will die early because they can't afford healthcare, and how you and the lord give zero shits about them?"
pteq2u,Why do Americans have such a resentful hate-boner towards a Universal Healthcare system when it's been proven to work and that most sovereign nations use some version of it?,reddit1M,,[serious] Why do Americans have such a resentful hate-boner towards a Universal Healthcare system when it’s been proven to work and that most sovereign nation use some version of it?
pdrif6,Why is the U.S. the only 1st world country without universal healthcare?,reddit1M,,[Serious] Why is the U.S. the only 1st world country without universal healthcare?
eli5_98749,How can the SCOTUS rule that healthcare laws put too much pressure on states to comply when it was ok to use federal highway funding to pressure states into adopting the national speed limit and drinking age?,eli5,,How can the SCOTUS rule that healthcare laws put too much pressure on states to comply when it was ok to use federal highway funding to pressure states into adopting the national speed limit and drinking age?
ozh94o,Do you think healthcare should be universal? Why or why not?,reddit1M,,Do you think healthcare should be universal? Why or why not?
ogmbih,What role should the government play in providing people with health care? What role should the marketplace play?,reddit1M,,What role should the government play in providing people with health care? What role should the marketplace play?
eli5_105849,"If everyone has to sign up for insurance, presumably broadening the base for insurers, why are most insurance plans going to cost more under the ACA?",eli5,,"If everyone has to sign up for insurance, presumably broadening the base for insurers, why are most insurance plans going to cost more under the ACA?"
eli5_45969,How did Obamacare cause my premiums to nearly double?,eli5,,How did Obamacare cause my premiums to nearly double?
eli5_64972,How can the government force you to purchase a healthcare plan or get fined?,eli5,,How can the government force you to purchase a healthcare plan or get fined?
custom_605968,Why do people want the federal government to provide 'free healthcare' when it just means additional taxes and doctor's visits that feel like going to the DMV?,custom,https://www.reddit.com/r/AskConservatives/comments/1rol6fb/comment/o9fqkum/,
otcwdl,People who wanted to ban trans women from the Olympics: where are all those gold medals you thought they'd win?,reddit1M,,People who wanted to ban trans women from the Olympics: where are all those gold medals you thought they'd win?
osmu7a,What will it add to the transgender sports discussion if Laurel Hubbard loses to a natural born woman in the Olympic weightlifting event?,reddit1M,,What will it add to the transgender sports discussion if Laurel Hubbard loses to a natural born woman in the Olympic weightlifting event?
ppjlwk,"Should Transgender fighters like Alana McLaughlin be able to fight opponents who were born as women? As long as both parties agree to it, is this okay? And are you fine with this in other sports at all levels? What are your thoughts on this debate?",reddit1M,,Should Transgender fighters like Alana McLaughlin be able to fight opponents who were born as women? As long aw both parties agree to it is this okay? And are you fine with this in other sports at all levels? What are your thoughts on this debate?
p4o5cq,Should transgender athletes be able to compete in athletic events? Should they have a separate division?,reddit1M,,Should transgender athletes be able to compete in athletic events? Should they have a seperate division?
pnq7lf,Should Transgender Women be allowed to compete in sports with Cisgender Women?,reddit1M,,Should Transgender Women be allowed to compete in sports with Cisgender Women?
pnl4pt,Should transgender/non-binary be allowed to compete in women's sports? Why or why not?,reddit1M,,Should transgender/non-binary be allowed to compete in women's sports? Why or why not?
phzqbw,"People that think transgender women should be allowed to compete in women's sports, what's your argument?",reddit1M,,"People that think transgender men should be allowed to compete in women sports , what's your argument?"
oygws8,"People who believe trans woman (man to woman) should be allowed to compete in sports with biological women (such as mma and weightlifting), please explain your reasoning as why you think it is fair/okay?",reddit1M,,"People who believe trans woman (man to woman) should be allowed to compete in sports with biological women (such as mma and weightlifting), please explain your reasoning as why you think it is fair/okay?"
pugtbr,"Why do we normalize mental disorders like they're not mental disorders anymore? Like, you're not transgender pal, you have a classified mental disorder called Gender Dysphoria.",reddit1M,,"Why do we normalize mental disorders like they're not mental disorders anymore? Like, you're not transgender pal, you have a classified mental disorder called Gender Dysphoria."
custom_5421fd,What is the boundary line in MMA? Is it fair and should it be allowed for a trans girl to fight a normal girl?,reddit1M,,What is the boundary line in MMA? Is it fair &amp; should it be allowed for a trans girl to fight a normal girl ?
pdbalt,"People who don't want to raise minimum wage, why do you not want people to be able to survive while working a full time job?",reddit1M,,"People who don’t want to raise minimum wage, why do you not want people to be able to survive while working a full time job?"
pg5im7,How is it legal to say people's time is only worth so little? How has federal minimum wage not changed enough and how has no one stepped in?,reddit1M,,"How is it legal to say people’s time is only worth so little? How has federal minimum wage not changed enough and how has no one stepped in? Is there anything we can do as a society to push our government to raise minimum wage? (Mostly US, but I’d like to hear other countries opinions &amp; stories too)"
eli5_154383,Why isn't the minimum wage on a sliding scale that is automatically adjusted for inflation?,eli5,,Why isn't the minimum wage on a sliding scale that is automatically adjusted for inflation?
owo342,What is your honest opinion on the idea that the minimum wage should allow for people to live a decent day to day life?,reddit1M,,"Americans of reddit, what is your honest opinion on the idea that the minimum wage should allow for people to live a decent day to day life?"
p4ykpj,What are your thoughts on a 15 dollar minimum wage?,reddit1M,,What are your thoughts on a 15 dollar minimum wage?
eli5_82438,Would raising the minimum wage to $15 have much effect to our pockets?,eli5,,Would raising the minimum wage to $15 have much effect to our pockets?
eli5_163134,Wouldn't raising the minimum wage also make products more expensive? And wouldn't that negate any benefit that workers have from higher wages?,eli5,,Wouldn't raising the minimum wage also make products more expensive? And wouldn't that negate any benefit that workers have from higher wages?
eli5_69100,How does raising minimum wage to $15 an hour benefit anyone?,eli5,,How does raising minimum wage to $15 an hour benefit anyone?
eli5_73666,Why when minimum wage raises do I not get a raise? Are my skills now less valuable?,eli5,,Why when minimum wage raises do I not get a raise? Are my skills now less valuable?
eli5_91567,How will $15 federal minimum wage NOT cripple small businesses?,eli5,,How will $15 federal minimum wage NOT cripple small businesses?
olqhe4,What do you think was the motivation behind creating the Electoral college system? Was it to make sure that the south always had a voice? Also is it practical in the 21st century?,reddit1M,,What do you think was motivation behind creating Electoral college system? Was is to preserve slavery? Was is to make sure that south always had a voice? Also is it practical in 21st century?
olqfbr,Do you believe that the Electoral College system was installed to preserve slavery in the USA.,reddit1M,,Do you believe that Electoral College system was installed to preserve slavery in USA.
eli5_103037,Why do we even have an electoral college? Why would we not just use popular vote?,eli5,,Why do we even have an electoral college? Why would we not just use popular vote?
eli5_89199,"If American presidential elections are decided by the electoral college and not the popular vote, then what is the point of the American public voting at all?",eli5,,"If American presidential elections are decided by the electoral college and not the popular vote, then what is the point of the American public voting at all?"
eli5_60837,Why does the US use the Electoral College instead of the popular vote? What effect does it have? What are the benefits/drawbacks of the EC?,eli5,,Why does the US use the Electoral College instead of the popular vote? What effect does it have? What are the benefits/drawbacks of the EC?
p540cm,What is your opinion on the American electoral college?,reddit1M,,What is your opinion on the American electoral college?
eli5_210597,Was the Electoral College really intended as a device against tyranny of the majority?,eli5,,Was the Electoral College really intended as a device against tyranny of the majority?
custom_1b12f5,"Doesn't the Electoral College ensure that support for a candidate has to be more than just concentrated in a few locations, but has to be spread out among the population as a whole as well?",custom,https://www.reddit.com/r/Ask_Politics/comments/84gyik/comment/dvpodp3/,
custom_c164c7,"If we elected the president by popular vote, does it seem like a good idea that NINE states can pick the President, and the other 41 states (and Wash DC) are not needed at all?",custom,https://www.reddit.com/r/explainlikeimfive/comments/6o90xx/comment/dkg2ehz/,
custom_bd07dc,"If we switched to a popular vote, what stops the majority party from passing 'We hereby declare one party cannot vote anymore' which wins by default?",custom,https://www.reddit.com/r/changemyview/comments/zpt360/comment/j0un01w/,
eli5_69058,Why do life sentences and capital punishment exist if the theoretical purpose of prison is rehabilitation?,eli5,,Why do life sentences and capital punishment exist if the theoretical purpose of prison is rehabilitation?
eli5_149439,How is the death penalty seen as justice and not revenge?,eli5,,How is the death penalty seen as justice and not revenge?
pb3w08,Do you believe death sentences are fair? Why or why not,reddit1M,,Do you believe death sentences are fair? Why or why not
p7iuqx,Why do we still put people on death row in the US ?,reddit1M,,Why do we still put people on death row in the US ?
oz40lm,Do you agree or disagree with the death penalty?,reddit1M,,Do you agree or disagree with death penalty'?
pp9xl1,What is your stance on death sentences?,reddit1M,,What is your stance on death sentences?
eli5_92115,Why do we give life sentences without parole and not just give those people the death penalty?,eli5,,Why do we give life sentences without parole and not just give those people the death penalty?
pacuon,Should Murderers and Other Brutal Criminals Be Executed?,reddit1M,,Should Murderers and Other Brutal Criminals Be Executed?
pyucns,"How do you feel about your tax money being spent to keep the worst kind of people alive, such as pedophiles and serial killers? Would you rather pay taxes so they get to live, or would you prefer they get the death penalty?",reddit1M,,"How do you feel about your tax money being spent to keep the worst kind of people alive, such as pedophiles and serial killers? Would you rather pay taxes so they get to live, or would you prefer they get the death penalty?"
pyj8gn,What are your thoughts about prisoners being executed to save money and oxygen and space?,reddit1M,,What are your thoughts about prisoners being executed to save money and oxygen and space?
eli5_25278,"Why does the US have such strong protections for free speech, to the point where it applies even to neo-Nazis?",eli5,,"Why does the US have such strong protections for free speech, to the point where it applies even to neo-Nazis?"
custom_e816e2,"Don't you think dehumanizing language can be damaging, especially if allowed to fester over long periods of time?",custom,https://www.reddit.com/r/changemyview/comments/1gvurpv/comment/ly50yrs/,
ozkauq,Is free speech necessary if it means offending people?,reddit1M,,Is free speech necessary if it means offending people?
ozkc3q,Should conservatives lose their rights of free speech because of dangerous ideas? Why or why not?,reddit1M,,"Does the concept of free speech needs to be reworked or retired if typically offending a person or group, why or why not?"
py8jh3,"Is hate speech considered freedom of speech, why or why not?",reddit1M,,"Is hate speech considered freedom of speech, why or why not?"
eli5_100710,When do you cross the line between free speech and hate speech?,eli5,,When do you cross the line between free speech and hate speech?
oumdij,"Do you think that every opinion no matter how wrong it is, must be heard?",reddit1M,,"What is your opinion about freedom of speech? To me, freedom of speech is a basic right of every human and every opinion no matter how wrong it is, must be heard. What is your opinion?"
custom_c10e51,"""Hate speech"" is often political, and open to sweeping interpretation. Would you trust the government to define what is or isn't hateful?",custom,https://www.reddit.com/r/changemyview/comments/1gvurpv/comment/ly6j00n/,
eli5_56995,"If George Orwell's 1984 was so influential, why do we still give so much credence to concepts such as ""hate speech"" despite censorship being so clearly warned against in the book.",eli5,,"If George Orwell's 1984 was so influential, why do we still give so much credence to concepts such as ""hate speech"" despite such ideas being so clearly warned against in the book."
custom_539790,"Doesn't hate speech deserve greater protections than other speech, since only speech that people want to restrict needs to be protected, for the same reason that you only need to put bars on your windows if you live in a rough area?",custom,https://www.reddit.com/r/changemyview/comments/1gvurpv/comment/ly75nxj/,
custom_af9ea4,"A big portion of the $20,000/yr/student that the government pays for education goes to food programs, transportation, and scholarship programs, things many lower-income families rely on, and that no private school is under obligation to provide. How would school vouchers provide these services?",custom,https://www.reddit.com/r/AskConservatives/comments/1mvguxm/comment/n9qs2oh/?utm_source=share&utm_medium=web3x&utm_name=web3xcss&utm_term=1,
custom_d3cd36,I have disabled children who are largely ignored by private schools. Why would parents like me ever support tax-funded school vouchers which would take money away from the public schools they depend on?,custom,https://www.reddit.com/r/AskConservatives/comments/1mvguxm/comment/n9ta4ch/?utm_source=share&utm_medium=web3x&utm_name=web3xcss&utm_term=1,
eli5_96843,school vouchers - how do they work? Is it true that the program is the beginning of defunding public schools?,eli5,,school vouchers - how do they work? Is it true that the program is the beginning of defunding public schools?
eli5_144350,"How do US school voucher programs, which send tax dollars to religious schools, not violate the separation of church and state?",eli5,,"How do US school voucher programs, which send tax dollars to religious schools, not violate the separation of church and state?"
custom_ff4445,Should there be tax-funded vouchers to help parents pay for tuition at private or religious schools instead of public schools?,custom,,
custom_86afe2,"As a public school teacher, I often get asked by friends and family members to weigh in on voucher programs. Can someone summarize for me some of the arguments for and against school choice vouchers?",custom,https://www.reddit.com/r/teaching/comments/1i9u6i1/school_choice_vouchers/,
custom_43271b,"If money has continually been thrown at the public school system for decades and results have not improved, why not give parents school choice so that if your local school is terrible, you have another option?",custom,https://www.reddit.com/r/changemyview/comments/1pcsre4/comment/ns0accz/?utm_source=share&utm_medium=web3x&utm_name=web3xcss&utm_term=1,
custom_c43e77,"We don't actually pay taxes for education to institute government administered systems, we only do it to ensure every child is educated to a baseline standard. Since school vouchers would allow taxpayer funds  slated for education to actually follow the child it's supposed to be educating, what do you think about these vouchers?",custom,https://www.reddit.com/r/AskConservatives/comments/1mvguxm/comment/n9q22r7/?utm_source=share&utm_medium=web3x&utm_name=web3xcss&utm_term=1&utm_content=share_button,
custom_e74cf2,"Clearly the inner city public schools are failing. They are spending what, $20,000 per student total? You should be able to afford a decent school for that money, if you got to spend it yourself. Wouldn't vouchers make the allocation of money more efficient?",custom,https://www.reddit.com/r/AskConservatives/comments/1mvguxm/comment/n9qnwue/?utm_source=share&utm_medium=web3x&utm_name=web3xcss&utm_term=1&utm_content=share_button,
custom_a2d495,"What's the goal in publicly funding k-12 education? Society is better off with a well educated public and workforce. If that's the end goal of publicly funded education, why does it feel like the actual goal is government run schools by government sponsored unions instead of allowing the use of voucher programs that have been successful?",custom,https://www.reddit.com/r/AskConservatives/comments/1mvguxm/comment/n9q7hx8/?utm_source=share&utm_medium=web3x&utm_name=web3xcss&utm_term=1&utm_content=share_button,
custom_b463fc,"I don't believe mass deportation can be achieved safely, scalably or in a way that won't get the US in trouble in international law. How can people support these illegal efforts?",custom,https://www.reddit.com/r/Askpolitics/comments/1hakk15/comment/m1ankh6/?utm_source=share&utm_medium=web3x&utm_name=web3xcss&utm_term=1&utm_content=share_button,
custom_0bb9a4,"With people escaping extreme stress and poverty by coming to the US, you get hard working people eager to build a life, not commit crimes. Why can't we just grant them citizenship?",custom,https://www.reddit.com/r/Askpolitics/comments/1hakk15/comment/m1anv3w/?utm_source=share&utm_medium=web3x&utm_name=web3xcss&utm_term=1&utm_content=share_button,
eli5_121863,Why is it that illegal aliens are routinely arrested and deported but legal action is rarely if ever taken agains those that employ illegal aliens?,eli5,,Why is it that illegal aliens are routinely arrested and deported but legal action is rarely if ever taken agains those that employ illegal aliens?
eli5_175339,Under what conditions should an undocumented immigrant be given access to social programs?,eli5,,Under what conditions would an undocumented immigrant be given access to social programs?
eli5_35780,Are illegal/undocumented immigrants as a whole a net benefit or burden to the US?,eli5,,Are illegal/undocumented immigrants as a whole a net benefit or burden to the US?
phcblz,Should illegal immigrants be ever allowed to get citizenship? Why or why not?,reddit1M,,Should illegal immigrants be ever allowed to get citizenship? Why or why not?
eli5_13186,Why are illegal immigrants bad for America?,eli5,,Why are illegal immigrants bad for America?
eli5_13309,Why do people think illegal immigrants should be allowed to stay in the USA when it is difficult for Americans to move to other countries?,eli5,,Why people think illegal immigrants should be allowed to stay in the USA when it is difficult for Americans to move to other countries?
pev2w5,"My next-door neighbor slammed his door at my face when he was speaking Spanish instead of English, can ICE arrest him?",reddit1M,,"My next-door neighbor slammed his door at my face when he was speaking Spanish instead of English, can ICE arrest him?"
eli5_11317,How can an undocumented immigrant speak at the DNC and not be arrested?,eli5,,How can an undocumented immigrant speak at the DNC and not be arrested?
custom_541150,How can we expect the same person who's trained to pull a gun on a violent perpetrator to also know how to handle a schizophrenic having a temporary psychotic episode?,custom,https://www.reddit.com/r/AskALiberal/comments/ikonpr/comment/g3m6xk0/,
custom_da609e,"Police as an institution is a gauge on how much a society fails. Basically nobody commits crimes ""just because"" and they are often motivated by several things that we could address, but currently aren't. Why not cut funding from police and shift it to social services?",custom,https://www.reddit.com/r/changemyview/comments/n4l55p/comment/gww6zzk/?utm_source=share&utm_medium=web3x&utm_name=web3xcss&utm_term=1&utm_content=share_button,
custom_49e14a,Defunding the police is about making life EASIER on police. Why can't we use some of the money we throw at police departments to solve all of society's problems and instead use that money to address things that shouldn't be expected of the police?,custom,https://www.reddit.com/r/PoliticalDebate/comments/1gf2rqk/comment/lujb2bb/,
custom_63e8b7,What do we want the police force to do? What services and funds should be transferred to other organizations?,custom,https://www.reddit.com/r/PoliticalDiscussion/comments/jilra3/comment/ga7akvf/?utm_source=share&utm_medium=web3x&utm_name=web3xcss&utm_term=1&utm_content=share_button,
custom_fb27ce,What is your opinion on social workers replacing the police?,custom,https://www.reddit.com/r/socialwork/comments/gzuhyl/what_is_your_opinion_on_social_workers_replacing/,
p2qg7j,Why do people want to defund the police and transfer the money to social services?,reddit1M,,[Serious] Why do people want to defund the police?
custom_04642b,The police are there at the end when all the social programs and policies have already failed. They're there to clean up the mess. So why is the solution to defund them?,custom,,
custom_20862f,What makes you think that bad actors won't take advantage of the reallocation of resources from police departments to social services?,custom,https://www.reddit.com/r/changemyview/comments/gz87je/comment/ftexguj/?utm_source=share&utm_medium=web3x&utm_name=web3xcss&utm_term=1&utm_content=share_button,
custom_d154d5,"If we shift funding from police to social workers, would a social worker go on the potentially violent calls? Are social workers trained to handle violence? Are they able to stop violence without the tools that the police have?",custom,https://www.reddit.com/r/changemyview/comments/kdznjn/comment/gfzu83o/?utm_source=share&utm_medium=web3x&utm_name=web3xcss&utm_term=1&utm_content=share_button,
custom_e75096,"Most criminals are just bad people who don't have any remorse for their actions. If we shift funding from police to social services, what exactly is a social worker going to do about that?",custom,https://www.reddit.com/r/changemyview/comments/n4l55p/comment/gww7rxl/,
custom_6c2536,I don't see how capitalism is compatible with environmental stability without pricing environmental sustainability into the cost of goods. There doesn't seem to be any alternative to either pricing in environmental externalities using something like carbon taxes… or just watching the world die?,custom,https://www.reddit.com/r/AskALiberal/comments/1ay310l/comment/krs5r0b/,
custom_6c1c94,"If a neighbor poisoned your garden, killing all your plants, you'd be able to sue them for damages. If a company emits carbon in the air, the impact isn't as immediately obvious, but the concept is the same. Isn't the obvious solution to charge carbon producers for the economic damage caused by climate change?",custom,https://www.reddit.com/r/explainlikeimfive/comments/t7hdml/comment/hzie196/,
custom_cb210d,"There's an overwhelming scientific consensus that climate change will become an enormous problem. If there's no economic incentive for companies to reduce emissions right now because the harms won't be felt for many years, shouldn't we create that incentive by taxing them based on the amount of carbon they produce?",custom,https://www.reddit.com/r/explainlikeimfive/comments/5bhfid/comment/d9ohj53/,
custom_8b59d5,Companies have more incentive to pollute than they do to go green. Wouldn't a pollution tax be the best option to mitigate climate change?,custom,https://www.reddit.com/r/changemyview/comments/jwpzzi/cmv_companies_have_more_incentive_to_pollute_than/,
custom_e294a4,Is it possible to tax companies for the amount of greenhouse gasses they produce?,custom,https://www.reddit.com/r/NoStupidQuestions/comments/pqbn4d/is_it_possible_to_tax_companies_for_the_amount_of/?utm_source=share&utm_medium=web3x&utm_name=web3xcss&utm_term=1&utm_content=share_button,
custom_3e3f45,"If someone pledges not to cut a piece of forest, have they saved emissions, or would they never have bothered to cut that forest in the first place?",custom,https://www.reddit.com/r/changemyview/comments/14adkar/comment/jo9yqv9/?utm_source=share&utm_medium=web3x&utm_name=web3xcss&utm_term=1&utm_content=share_button,
custom_6dd0b4,"Why not lower taxes on solar, wind, nuclear, hydroelectric, or geothermal energy instead of taxing corporations based on the amount of carbon emissions they produce?",custom,https://www.reddit.com/r/changemyview/comments/fah2bs/comment/fiye04k/?utm_source=share&utm_medium=web3x&utm_name=web3xcss&utm_term=1&utm_content=share_button,
custom_ac2535,How do you pay for carbon taxes without taxing another industry?,custom,https://www.reddit.com/r/badeconomics/comments/48ci72/comment/d0imqoq/?utm_source=share&utm_medium=web3x&utm_name=web3xcss&utm_term=1&utm_content=share_button,
custom_2c1d5d,"If carbon taxes are enacted, wouldn't companies just pass the cost on to consumers?",custom,https://www.reddit.com/r/changemyview/comments/14adkar/comment/jp8ncvx/,
custom_c84abf,Doesn't a carbon tax just give companies a license to pollute guilt-free as long as they can afford it?,custom,https://www.reddit.com/r/changemyview/comments/14adkar/comment/jod0bmi/,
custom_c6755d,"No child ""earns"" citizenship; they grow up immersed in a society, shaped by its schools, culture, and laws. A child born and raised in a country knows no other home-how is it justifiable to tell them they are not a citizen?",custom,https://www.reddit.com/r/changemyview/comments/1iym3y6/comment/mevh2vk/?utm_source=share&utm_medium=web3x&utm_name=web3xcss&utm_term=1&utm_content=share_button,
custom_aa0588,"Denying citizenship to those who have spent their entire lives in a country creates a permanent underclass, fueling resentment and division. If you were forced to flee your homeland and your child was born elsewhere, would you accept the idea that they are forever an outsider, unwanted and unwelcome?",custom,https://www.reddit.com/r/changemyview/comments/1iym3y6/comment/mevh2vk/?utm_source=share&utm_medium=web3x&utm_name=web3xcss&utm_term=1&utm_content=share_button,
custom_82e2e8,Do you believe that it's morally righteous to deny someone who is born and raised in America the full rights and privileges of citizenship purely due to their parents not being citizens (whether a legal migrant or an illegal migrant)?,custom,https://www.reddit.com/r/changemyview/comments/1mvj23j/comment/n9rawrk/?utm_source=share&utm_medium=web3x&utm_name=web3xcss&utm_term=1&utm_content=share_button,
custom_62e15e,"If someone wants their kid to have US citizenship so badly, why would we even want to turn them away?",custom,https://www.reddit.com/r/changemyview/comments/1mvj23j/comment/n9qyhxf/?utm_source=share&utm_medium=web3x&utm_name=web3xcss&utm_term=1&utm_content=share_button,
pwc72f,Do you think the United States should end birthright citizenship? Why or why not?,reddit1M,,Do you think the United States should end birthright citizenship? Why or why not?
custom_bcebd0,Do you support ending birthright citizenship for the future children of illegal immigrants?,custom,https://www.reddit.com/r/PoliticalDiscussion/comments/3hduln/do_you_support_ending_birthright_citizenship_for/,
eli5_120022,"If a country has birthright citizenship i.e. all those born there are automatically citizens, couldn't a woman go there on vacation/business/illegally, give birth, then the child would be a citizen giving the parent rights to stay/move there too?",eli5,,"If a country has birthright citizenship i.e. all those born there are automatically citizens, couldn't a woman go there on vacation/business/illegally, give birth, then the child would be a citizen giving the parent rights to stay/move there too?"
custom_2552d8,"If parents don't want to be US citizens, then why should their children be?",custom,https://www.reddit.com/r/changemyview/comments/1mvj23j/comment/n9qjn1v/?utm_source=share&utm_medium=web3x&utm_name=web3xcss&utm_term=1&utm_content=share_button,
custom_67f849,"If you come here from Guatemala swollen with pregnancy, break through the border illegally, and plop out a baby on our soil, is that baby an American because you happened to be standing here? is that something we want?",custom,https://www.reddit.com/r/AskConservatives/comments/1knqwtw/comment/mskjrse/?utm_source=share&utm_medium=web3x&utm_name=web3xcss&utm_term=1&utm_content=share_button,
custom_e24517,If you are pregnant and illegally cross the border to give birth…why should US taxpayers pay welfare for their child and then for the illegal immigrants as well?,custom,https://www.reddit.com/r/AskConservatives/comments/1knqwtw/comment/mskdk4p/?utm_source=share&utm_medium=web3x&utm_name=web3xcss&utm_term=1&utm_content=share_button,
ohn67e,"Why is there a lifestyle/culture of people for don't use anything that has harmed an animal, but not a lifestyle/culture of people who don't use anything that was made through the suffering of human beings, i.e. child labor?",reddit1M,,"Why is there a lifestyle/culture of people for don't use anything that has harmed an animal, but not a lifestyle/culture of people who don't use anything that was made through the suffering of human beings, ie sweat shops, child labor, underpaid workers, unsanitary/ unsafe working conditions?"
custom_28f866,"Children have less experience negotiating and are easily manipulated by adults. We generally don't see children as capable of consent, so why should we allow them to enter contractual relationships with employers?",custom,https://www.reddit.com/r/changemyview/comments/9efh23/comment/e5ojuth/,
eli5_131318,"Why is it, that when a clothing company is found out to be using child labour in dangerous conditions everyone hates them, but Apple have been getting away with it for ages?",eli5,,"Why is it, that when a clothing company is found out to be using child labour in dangerous conditions everyone hates them, but Apple have been getting away with it for ages?"
eli5_66059,"If child prodigies graduate college early, what kind of places hire them? How do they avoid child labor laws?",eli5,,"If child prodigies graduate college early, what kind of places hire them? How do they avoid child labor laws?"
eli5_68273,Why is child labor considered such a bad thing?,eli5,,Why is child labor considered such a bad thing?
ofsczk,Should a regulated form of child labor return? Why or why not?,reddit1M,,Should a regulated form of child labor return? Why or why not?
eli5_28895,"Why do we have laws against child labor, but still allow child actors?",eli5,,"Why do we have laws against child labor, but still allow child actors?"
custom_77c330,The sooner you start making money and acquiring skills/experience/promotions the better long term your life will probably be. Wouldn't letting kids start working at a younger age help them tremendously in their twenties?,custom,https://www.reddit.com/r/unpopularopinion/comments/uyk1jc/comment/ia4l2sz/,
ojyvgb,"Are foreign sweatshop workers, child laborers, the people who build nearly everything in China actually slaves or do they value their jobs despite us thinking it's like slave labor?",reddit1M,,"Are foreign sweatshop workers, child laborers, the people who build nearly everything in China actually slaves or do they value their jobs despite us thinking its like slave labor?"
custom_ffb551,"Child labor isn't necessarily a bad thing. Why is it unethical to deny a starving kid a job, and presumably let them starve?",custom,https://www.reddit.com/r/changemyview/comments/9efh23/comment/e5phsij/,
eli5_61191,"Why is it that despite bailing out the banks, the failure of the banks to pay back, essentially, the people of the United States, I still owe them student loans and why isn't anything being done about this?",eli5,,"Why is it that despite bailing out the banks, the failure of the banks to pay back, essentially, the people of the United States, I still owe them student loans and why isn't anything being done about this?"
custom_475e99,"If our tax dollars are consistently wasted on rich corporations who don't need them, why can't they be used on forgiving student loans for people who do?",custom,https://www.reddit.com/r/StudentLoans/comments/wnm3w9/comment/ik6vbsn/,
eli5_44778,Why fight to have student loans forgiven?,eli5,,Why fight to have student loans forgiven?
custom_44741e,"When borrowers have already repaid the money many times over and still have a student loan balance, shouldn't the government just cancel what's left?",custom,https://www.reddit.com/r/changemyview/comments/1pt43vr/comment/nve77l9/,
p1vbk7,Do you think the US government should cancel student loan debt?,reddit1M,,Do you think the US government should cancel student loan debt?
otecxy,Do you believe some student loan debt in the U.S. should be forgiven?,reddit1M,,Do you believe some student loan debt in the U.S. should be forgiven?
otehjx,Why do people believe forgiving a portion of Student Loan debt in the US is a good thing?,reddit1M,,Why do people believe forgiving a portion of Student Loan debt in the US is a good thing?
pfdmc4,Why do all the discussions about Student Loan Forgiveness only focus on the forgiveness part and not the tuition costs? Won't forgiving a bunch of loans just incentivize colleges to raise tuition higher?,reddit1M,,[Serious] Why do all the discussions about Student Loan Forgiveness only focus on the forgiveness part and not the tuition costs? Won't forgiving a bunch of loans just incentivize colleges to raise tuition higher?
oteexg,Why is forgiving Student Loan debt in the US considered a good thing? Doesn't it perpetuate a society that doesn't take responsibility for their financial commitments?,reddit1M,,Why is forgiving Student Loan debt in the US considered a good thing? Doesn’t it perpetuate a society that doesn’t take responsibility for their financial commitments?
pkpobm,Why should people who paid back their student loans be taxed to pay back other people's student loans?,reddit1M,,Why should people who paid back their student loans be taxed to pay back other people’s student loans?
eli5_313,Why is there so much apparent public criticism against labor unions when they empower mostly low to middle income workers; who make up the massive majority of workers?,eli5,,Why is there so much apparent public criticism against labor unions when they empower mostly low to middle income workers; who make up the massive majority of workers?
custom_fe01c5,Is anyone else annoyed by people who complain about bad working conditions but are dead-set against unionizing?,custom,https://www.reddit.com/r/antiwork/comments/1jn9oix/is_anyone_else_annoyed_by_people_who_complain/,
custom_34f58f,"Why would a worker not want to join a labor union? Labor unions seem to offer opportunities for negotiating higher wages, better workplace benefits, better retirement benefits, better working conditions, greater job security, and greater upward mobility.",custom,https://www.reddit.com/r/AskEconomics/comments/16s3ve3/what_are_the_disadvantages_of_labor_unions/?utm_source=share&utm_medium=web3x&utm_name=web3xcss&utm_term=1&utm_content=share_button,
custom_142ad1,"A labor union is, by definition, a collective bargaining group, which just means the workers organized and united to gain enough power to negotiate with management. Why shouldn't everyone support this system?",custom,https://www.reddit.com/r/union/comments/1o0rc63/why_do_any_working_class_people_take_issue_with/,
put9sj,"Are labor unions beneficial, why or why not?",reddit1M,,"[Serious]Are labor unions beneficial , why or why not?"
custom_9192cf,What are your opinions on labor unions?,custom,https://www.reddit.com/r/AskAnAmerican/comments/10271qx/what_are_your_opinions_on_labor_unions/,
custom_f94991,Don't individual workers advocate for workers rights every time they talk with their boss? I would like more opportunities at work...I would like longer hours...I would like higher pay. Why are unions necessary to argue and advocate for workers' rights?,custom,https://www.reddit.com/r/AskAnAmerican/comments/ahosi1/comment/eegm61h/?utm_source=share&utm_medium=web3x&utm_name=web3xcss&utm_term=1&utm_content=share_button,
custom_6f3ec1,I've only worked one union job but from my observation they only benefitted the worst employees. Basically I'm paying into a system so a guy who does half the work as I do and misses a day every other week has a job and a competitive wage. Why would anyone support unions?,custom,https://www.reddit.com/r/NoStupidQuestions/comments/16dhocx/comment/jzrgqgx/?utm_source=share&utm_medium=web3x&utm_name=web3xcss&utm_term=1&utm_content=share_button,
custom_18a485,Couldn't you just... not work for shitty companies or boycott their products? I don't see the point of unions in this day and age besides protecting crappy workers.,custom,https://www.reddit.com/r/unpopularopinion/comments/hweu4c/unions_should_be_abolished/,
custom_2a29bc,"Why do unions protect bad employees? It's not just teachers, I've heard some crazy stories about unionized nurses. Blind protection of all members damages the credibility of organized labor.",custom,https://www.reddit.com/r/Teachers/comments/7gduda/teachers_how_do_you_feel_about_unions/,
custom_bf259f,Why are people okay with tax laws being written in a way that enables the ultrawealthy to pay lower effective tax rates than the common man?,custom,https://www.reddit.com/r/TrueUnpopularOpinion/comments/1cy8b28/comment/l587aot/?utm_source=share&utm_medium=web3x&utm_name=web3xcss&utm_term=1&utm_content=share_button,
custom_bb47f9,"Without even raising taxes on the rich, they're not paying their part. There's so many loopholes for them that assholes like you and me end up paying for all the infrastructure and military. If they start paying up, could we reclaim our middle class?",custom,https://www.reddit.com/r/TrueUnpopularOpinion/comments/1cy8b28/comment/l58fie2/?utm_source=share&utm_medium=web3x&utm_name=web3xcss&utm_term=1&utm_content=share_button,
custom_7ff906,Why are so many people against taxing the wealthy?,custom,https://www.reddit.com/r/AskALiberal/comments/1rwkwvb/why_are_so_many_people_against_taxing_the_wealthy/,
custom_f38edc,"Why should we just allow people to become rich based in part upon on nation's success, then live with the riches?",custom,https://www.reddit.com/r/PoliticalDebate/comments/1j86f5b/comment/mh7xiwh/?utm_source=share&utm_medium=web3x&utm_name=web3xcss&utm_term=1&utm_content=share_button,
custom_6aec23,What percent of total tax revenue do you think the top 1% should contribute? What about the top 0.1%?,custom,https://www.reddit.com/r/TrueUnpopularOpinion/comments/1cy8b28/comment/l58wldl/?utm_source=share&utm_medium=web3x&utm_name=web3xcss&utm_term=1&utm_content=share_button,
custom_84aab3,Should the Rich be taxed more instead of having them pay the same amount of taxes as everyone else?,custom,https://www.reddit.com/r/AskALiberal/comments/1liqhll/why_should_the_rich_be_taxed_more_instead_of/,
custom_766f77,If we raise taxes significantly then will the billionaires run off to another country that welcomes them with open arms and lower taxes?,custom,https://www.reddit.com/r/AskALiberal/comments/1rwkwvb/comment/ob0wwt4/?utm_source=share&utm_medium=web3x&utm_name=web3xcss&utm_term=1&utm_content=share_button,
custom_c471cd,Why would someone work if the government takes more (a higher percentage) of their money?,custom,https://www.reddit.com/r/changemyview/comments/1lklv24/comment/n03yary/?utm_source=share&utm_medium=web3x&utm_name=web3xcss&utm_term=1&utm_content=share_button,
custom_b27629,Why would you even want to run a business of any sort if you know you can basically have it taken away at the whim of the government whenever they feel you're getting a bit too successful or need some more short term tax dollars?,custom,https://www.reddit.com/r/changemyview/comments/1lklv24/comment/mzt4uow/?utm_source=share&utm_medium=web3x&utm_name=web3xcss&utm_term=1&utm_content=share_button,
custom_b71f25,Isn't all the talk about taxing the rich popular only because it's much easier to spend other people's money than it is to spend your own?,custom,https://www.reddit.com/r/Economics/comments/1pc2dz3/comment/nrw3xb1/,
custom_ed39ce,You can't think of a reason why a veteran returned from war might need a bit of help finding out about better job opportunities? Why we might want to find ways to get women to consider job paths that women historically don't go into? Why companies might think differently about a group that is widely discriminated again and has been for 400 years?,custom,https://www.reddit.com/r/AskALiberal/comments/1pta8ha/comment/nvgczts/?utm_source=share&utm_medium=web3x&utm_name=web3xcss&utm_term=1&utm_content=share_button,
custom_a7d0ce,What can we do to counter anti-DEI efforts?,custom,https://www.reddit.com/r/AskALiberal/comments/1ewx3nq/what_can_we_do_to_counter_antidei_efforts/,
custom_b4d2fc,Why is diversity important in the workplace?,custom,https://www.reddit.com/r/AskALiberal/comments/1cgkf9s/why_is_diversity_important_in_the_workplace/,
custom_b42690,Do you believe anything should be done in response to well-established historic discrimination against minority groups?,custom,https://www.reddit.com/r/AskConservatives/comments/1df76ll/comment/l8jn9sx/?utm_source=share&utm_medium=web3x&utm_name=web3xcss&utm_term=1&utm_content=share_button,
custom_d5ec6a,Do you consider DEI efforts to be a good or bad force in the workplace?,custom,https://www.reddit.com/r/AskConservatives/comments/1df76ll/do_you_consider_dei_to_be_a_good_or_bad_force_in/,
custom_39424b,"Are DEI (Diversity, equality & inclusion) policies harmful or beneficial?",custom,https://www.reddit.com/r/polls/comments/1j3eja1/are_dei_diversity_equality_inclusion_policies/,
custom_5d13f1,"What's the point of specifically making it about diversity instead of making it purely about merits? Race, ethnicity, and the like shouldn't have any impact on the hiring process right? So shouldn't we focus on more fair hiring processes in general as opposed to it being about diversity?",custom,https://www.reddit.com/r/AskDemocrats/comments/1il55k3/comment/mbsm2e0/?utm_source=share&utm_medium=web3x&utm_name=web3xcss&utm_term=1&utm_content=share_button,
custom_dc168b,"If banning DEI programs removes initiatives designed to promote equal opportunity, how does that not open the door to legalized discrimination?",custom,https://www.reddit.com/r/AskReddit/comments/1jc417x/if_banning_dei_programs_removes_initiatives/,
custom_f3973c,"If treating people differently because of their race is the definition of racism, then how are DEI hiring goals not racist, no matter which group they favor?",custom,https://www.reddit.com/r/changemyview/comments/1pftsna/cmv_dei_policy_is_racist/,
custom_4e27bd,Would you support businesses like the NFL (53% black players) or the NBA (70% black players) creating a DEI effort to get more white and asian people into the NFL/NBA?,custom,https://www.reddit.com/r/AskALiberal/comments/1ewx3nq/comment/lj2zpow/?utm_source=share&utm_medium=web3x&utm_name=web3xcss&utm_term=1&utm_content=share_button,
custom_611bdf,"If the wealth gap between the richest and poorest increases, wouldn't a universal basic income of $1,000 a month be the best way to make sure most people don't end up living in poverty even if all the jobs disappear?",custom,https://www.reddit.com/r/AskReddit/comments/1qzfhdo/comment/o4ahodg/?utm_source=share&utm_medium=web3x&utm_name=web3xcss&utm_term=1,
custom_5022aa,Why shouldn't we just take a chunk of billionaire wealth and use it for universal basic income for everyone?,custom,https://www.reddit.com/r/antiwork/comments/1cwa2a6/comment/l4vf81f/?utm_source=share&utm_medium=web3x&utm_name=web3xcss&utm_term=1,
custom_42d668,With AI and robotics already starting to replace work wouldn't a universal basic income make sense as a safety net before automation job loss gets worse?,custom,https://www.reddit.com/r/AskALiberal/comments/1r167bz/comment/o4ocv1v/?utm_source=share&utm_medium=web3x&utm_name=web3xcss&utm_term=1,
custom_83d2e2,"Universal basic income seems to decrease the social costs of poverty, like less crime, less emergency room visits, less mental illness, and sends a clear signal that your country gives you the right as a citizen to pursue happiness and meaning in your own way, so wouldn't UBI be good for society?",custom,https://www.reddit.com/r/AskReddit/comments/se3kyk/comment/huk41kj/?utm_source=share&utm_medium=web3x&utm_name=web3xcss&utm_term=1,
custom_695018,What are the pros and cons to a Universal Basic Income (UBI)?,custom,https://www.reddit.com/r/AskReddit/comments/18dv6k5/what_are_the_pros_and_cons_to_a_universal_basic/?utm_source=share&utm_medium=web3x&utm_name=web3xcss&utm_term=1&utm_content=share_button,
custom_20338a,Would you support a Universal Basic Income?,custom,https://www.reddit.com/r/AskAnAmerican/comments/136u6xt/would_you_support_a_universal_basic_income/,
custom_5953af,Where exactly is the money for UBI supposed to come from if we're not taxing the rich or corporations?,custom,https://www.reddit.com/r/poor/comments/1ogxn26/comment/nlk53ry/,
custom_ab0b0e,"If universal basic income is implemented, why would people want to work harder when they can just get the bare minimum for free?",custom,https://www.reddit.com/r/AskReddit/comments/se3kyk/comment/hugq9lx/?utm_source=share&utm_medium=web3x&utm_name=web3xcss&utm_term=1,
custom_d91df8,"The problem with universal basic income is, why would anyone want to work if they're guaranteed a livable wage for doing nothing?",custom,https://www.reddit.com/r/Futurology/comments/4fu19i/comment/d2c2glv/?utm_source=share&utm_medium=web3x&utm_name=web3xcss&utm_term=1&utm_content=share_button,
custom_7c21ef,"If universal basic income is implemented, wouldn't someone with zero abilities, and not trained to do a job with zero skills, get the same pay as someone with the skills, training, and abilities?",custom,https://www.reddit.com/r/AskReddit/comments/se3kyk/comment/huhegwc/?utm_source=share&utm_medium=web3x&utm_name=web3xcss&utm_term=1&utm_content=share_button,
